Time,BID
19:31:39,1.10341
19:31:39,1.10343
19:31:50,1.10342
